EXTID__c,Id,Industry,Name,Parent.EXTID__c,ParentId,Type
001AX000003ULef,001AU00000oHDQGYA4,Food & Beverages,ACC_225,,,
001AX000003ULnr,001AU00000oHDQHYA4,Services,ACC_226,,,
001AX000003ULoI,001AU00000oHDQIYA4,Services,ACC_227,,,
001AX000003ULUv,001AU00000oHDQJYA4,Food & Beverages,ACC_228,,,
001AX000003we6E,001AU00000oHDQKYA4,,ACC_229,,,
001AX0000041J5o,001AU00000oHDQLYA4,,ACC_230,,,
001AX0000046FHr,001AU00000oHDQMYA4,Consulting - IT - Services  - Software,ACC_231,,,
001AX0000049qjQ,001AU00000oHDQNYA4,Public Sector - Government,ACC_232,,,
001AX000004AFY5,001AU00000oHDQOYA4,Retail - E-commerce - B2C,ACC_233,,,
001AX000004BYcp,001AU00000oHDQPYA4,,ACC_234,,,
001AX000004czzF,001AU00000oHDQQYA4,Retail - E-commerce - B2C,ACC_236,,,
001AX000004issv,001AU00000oHDQRYA4,,ACC_238,,,
001AX000004P5QN,001AU00000oHDQSYA4,Biotech. -  Healthcare - Pharmaceutical,ACC_240,,,
001AX000004peCW,001AU00000oHDQTYA4,Food & Beverages,ACC_241,,,
001AX000004peDm,001AU00000oHDQUYA4,,ACC_242,,,
001AX000004uG8j,001AU00000oHDQVYA4,,ACC_244,,,
001AX000004vp2x,001AU00000oHDQWYA4,,ACC_245,,,
001AX000004WAFW,001AU00000oHDQXYA4,,ACC_247,,,
001AX000004xQyo,001AU00000oHDQYYA4,Energy - Mining - Oil & Gas,ACC_248,,,
001AX000004Xt93,001AU00000oHDQZYA4,,ACC_249,,,
001AX000004YEef,001AU00000oHDQaYAO,Food & Beverages,ACC_250,,,
001AX000004Yisk,001AU00000oHDQbYAO,,ACC_251,,,
001AX000004YQUm,001AU00000oHDQcYAO,Food & Beverages,ACC_253,,,
001AX000004yZUO,001AU00000oHDQdYAO,FMCG - Fast-moving consumer goods,ACC_254,,,
001AX0000052HyC,001AU00000oHDQeYAO,,ACC_256,,,
0015700001ysg5K,001AU00000oHFFgYAO,Real Estate,ACC_120,,,
00157000027cVn7,001AU00000oHFFhYAO,Consulting - IT - Services  - Software,ACC_135,,,
0015700002I00A8,001AU00000oHFFiYAO,Aerospace - Defense,ACC_148,,,
001AX000002KenC,001AU00000oHFFjYAO,Consulting - IT - Services  - Software,ACC_161,,,
001AX000002PiTF,001AU00000oHFFkYAO,Automotive,ACC_171,,,
001AX000002rCZB,001AU00000oHFFlYAO,Manufacturing,ACC_173,,,
001AX000002UocN,001AU00000oHFFmYAO,,ACC_178,,,
001AX000003ckzM,001AU00000oHFFnYAO,Manufacturing,ACC_189,,,
001AX000003clCC,001AU00000oHFFoYAO,Real Estate,ACC_190,,,
001AX000003RITy,001AU00000oHFFpYAO,Real Estate,ACC_223,,,
001AX000004hEe0,001AU00000oHFFqYAO,,ACC_237,,,
001AX000004oCqR,001AU00000oHFFrYAO,,ACC_239,,,
001AX000004twX1,001AU00000oHFFsYAO,,ACC_243,,,
001AX000004w5Nr,001AU00000oHFFtYAO,Retail - E-commerce - B2C,ACC_246,,,
001AX000004YlhC,001AU00000oHFFuYAO,,ACC_252,,,
001AX0000051hpf,001AU00000oHFFvYAO,Retail - E-commerce - B2B,ACC_255,,,
001AX00000531mp,001AU00000oHFFwYAO,,ACC_257,,,
001AX0000055PFA,001AU00000oHFFxYAO,,ACC_262,,,
001AX0000058u73,001AU00000oHFFyYAO,,ACC_265,,,
001AX0000058ulh,001AU00000oHFFzYAO,,ACC_266,,,
001AX0000059hAJ,001AU00000oHFG0YAO,Manufacturing,ACC_267,001AX000003ckzM,001AU00000oHFFnYAO,
001AX000005H4Ao,001AU00000oHFG1YAO,,ACC_272,,,
001AX000005PiMB,001AU00000oHFG2YAO,Public Sector - Government,Dir. Nat. Simplification Administrative,,,
001AX000005uaSb,001AU00000oHFG3YAO,,ACC_279,,,
001AX000005whi4,001AU00000oHFG4YAO,Consulting - IT - Services  - Software,ACC_281,,,
001AX000005yuuP,001AU00000oHFG5YAO,,ACC_283,,,
001AX000005zxJR,001AU00000oHFG6YAO,,ACC_289,,,
001AX0000062hqB,001AU00000oHFG7YAO,,ACC_296,,,
001D000000fl7F7,001AU00000oHFG8YAO,Energy - Mining - Oil & Gas,ACC_298,0012000000WuQK1,001AU00000oHHzNYAW,
001D000001a6y5Y,001AU00000oHFG9YAO,Food & Beverages,ACC_330,,,
001D000001ailRi,001AU00000oHFGAYA4,Food & Beverages,ACC_331,,,
001D000001CTDlC,001AU00000oHFGBYA4,Manufacturing,ACC_336,,,
001D000001CTDzm,001AU00000oHFGCYA4,Consulting - IT - Services  - Software,ACC_337,,,
001D000001DbBIF,001AU00000oHFGDYA4,Biotech. -  Healthcare - Pharmaceutical,ACC_338,,,
001D000001DBpkf,001AU00000oHFGEYA4,Public Sector - Government,ACC_339,,,
001D000001gbQkE,001AU00000oHFGFYA4,Consulting - IT - Services  - Software,ACC_347,,,
001D000001gbQmP,001AU00000oHFGGYA4,Services,ACC_349,,,
001D000001kz2Mb,001AU00000oHFGHYA4,Food & Beverages,ACC_354,,,
001Sb000006CSY9,001AU00000oHFGIYA4,Food & Beverages,ACC_368,,,
001Sb000006IL5n,001AU00000oHFGJYA4,,ACC_369,,,
001Sb0000078p6B,001AU00000oHFGKYA4,,ACC_371,,,
001Sb000009a4zE,001AU00000oHFGLYA4,,ACC_380,,,
001Sb00000A7xYg,001AU00000oHFGMYA4,,ACC_381,,,
001Sb00000BjBp5,001AU00000oHFGNYA4,,ACC_387,,,
001Sb00000FwPjo,001AU00000oHFGOYA4,Building - Construction - Engineering,ACC_399,,,
001Sb00000G0rO5,001AU00000oHFGPYA4,,ACC_400,,,
001Sb00000GQqGH,001AU00000oHFGQYA4,Energy - Mining - Oil & Gas,ACC_405,,,
001Sb00000HbBcE,001AU00000oHFGRYA4,,ACC_409,,,
001Sb00000LWiHy,001AU00000oHFGSYA4,Retail - E-commerce - B2C,ACC_451,,,
001Sb00000PD1pX,001AU00000oHFGTYA4,,ACC_462,,,
001Sb00000S6Qm6,001AU00000oHFGUYA4,,ACC_469,,,
001Sb00000SDyay,001AU00000oHFGVYA4,,ACC_470,,,
0012000000WuQJf,001AU00000oHFGWYA4,Bank - Finance,ACC_7,,,
0012000000WuQKn,001AU00000oHFGXYA4,Services,ACC_13,,,
0012000000WuQKt,001AU00000oHFGYYA4,Retail - E-commerce - B2C,ACC_15,,,
0012000000WuQLj,001AU00000oHFGZYA4,Energy - Mining - Oil & Gas,ACC_19,,,
0012000000Wvt9U,001AU00000oHFGaYAO,Energy - Mining - Oil & Gas,ACC_24,,,
0012p00002OAFA4,001AU00000oHFGbYAO,Energy - Mining - Oil & Gas,ACC_41,,,
0012p00003AyUc4,001AU00000oHFGcYAO,Manufacturing,ACC_52,,,
0012p00003iLj17,001AU00000oHFGdYAO,Retail - E-commerce - B2C,ACC_66,,,
0012p00003XF7w5,001AU00000oHFGeYAO,Retail - E-commerce - B2C,ACC_87,,,
0012p00003xSchU,001AU00000oHFGfYAO,Energy - Mining - Oil & Gas,ACC_90,,,
0015700001okdsO,001AU00000oHFGgYAO,Transportation,ACC_111,,,
00157000024Tgzj,001AU00000oHFGhYAO,Public Sector - Government,Agence Nat. des Fermes Bio,,,
0015700002BYsnC,001AU00000oHFGiYAO,,ACC_140,,,
0015700002FhmhD,001AU00000oHFGjYAO,Transportation,ACC_145,,,
001AX000002xeWz,001AU00000oHFGkYAO,Energy - Mining - Oil & Gas,ACC_181,,,
001AX000003hfWx,001AU00000oHFGlYAO,Utilities,ACC_194,,,
001AX000004cwPQ,001AU00000oHFGmYAO,Energy - Mining - Oil & Gas,ACC_235,,,
001AX0000062Xf8,001AU00000oHFGnYAO,Biotech. -  Healthcare - Pharmaceutical,ACC_297,,,
001D000000iRkfc,001AU00000oHFGoYAO,Consulting - IT - Services  - Software,ACC_303,,,
001D000000jmym5,001AU00000oHFGpYAO,Bank - Finance,Banco Imbroglio,,,
001D000000llcWg,001AU00000oHFGqYAO,Retail - E-commerce - B2C,Votre Caviste Sébastien,votrecaviste,001AU00000oKGTaYAO,Client
001D000000sp0i9,001AU00000oHFGrYAO,Telecommunications,ACC_315,001Sb00000GtT4z,001AU00000oHFGxYAO,
001D000001Bmm1f,001AU00000oHFGsYAO,Chemicals,ACC_334,,,
001D000001gbQjs,001AU00000oHFGtYAO,Retail - E-commerce - B2C,Votre Caviste Arthur,votrecaviste,001AU00000oKGTaYAO,Client
001D000001IVcVl,001AU00000oHFGuYAO,Services,ACC_351,,,
001D000001NOkKF,001AU00000oHFGvYAO,Consulting - IT - Services  - Software,ACC_360,,,
001Sb00000GFci7,001AU00000oHFGwYAO,Energy - Mining - Oil & Gas,ACC_401,,,
001Sb00000GtT4z,001AU00000oHFGxYAO,Communication - Media,ACC_406,,,
001Sb00000P7jhx,001AU00000oHFGyYAO,Biotech. -  Healthcare - Pharmaceutical,ACC_461,,,
001Sb00000Q7sUY,001AU00000oHFGzYAO,Chemicals,ACC_465,,,
001Sb00000RUVA7,001AU00000oHFH0YAO,Transportation,ACC_468,,,
0012p00003iKhQG,001AU00000oHHzBYAW,Food & Beverages,ACC_63,001AX000004peCW,001AU00000oHDQTYA4,
0012p00003p4Olu,001AU00000oHHzCYAW,Services,ACC_79,0012p00003p4Ogp,001AU00000oHI0IYAW,
001AX0000034iGU,001AU00000oHHzDYAW,Agriculture,ACC_182,001AX000005Oh97,001AU00000oHRwsYAG,
001D000000lkUSt,001AU00000oHHzEYAW,Retail - E-commerce - B2C,ACC_310,001Sb00000JKmnB,001AU00000oHRyxYAG,
001D000000r8uUu,001AU00000oHHzFYAW,Biotech. -  Healthcare - Pharmaceutical,ACC_313,001D000001DbBIF,001AU00000oHFGDYA4,
0012000000eA7wB,001AU00000oHHzGYAW,Biotech. -  Healthcare - Pharmaceutical,ACC_1,,,
0012000000eANT9,001AU00000oHHzHYAW,Retail - E-commerce - B2C,ACC_2,,,
0012000000WubRK,001AU00000oHHzIYAW,Retail - E-commerce - B2C,ACC_3,,,
0012000000WuQHm,001AU00000oHHzJYAW,Public Sector - Government,ACC_4,,,
0012000000WuQIL,001AU00000oHHzKYAW,Public Sector - Government,ACC_5,,,
0012000000WuQJd,001AU00000oHHzLYAW,Retail - E-commerce - B2C,ACC_6,,,
0012000000WuQJR,001AU00000oHHzMYAW,Public Sector - Government,ACC_8,,,
0012000000WuQK1,001AU00000oHHzNYAW,Public Sector - Government,Ministère du Patrimoine,,,
0012000000WuQKi,001AU00000oHHzOYAW,Services,ACC_10,,,
0012000000WuQKK,001AU00000oHHzPYAW,Public Sector - Government,ACC_11,,,
0012000000WuQKl,001AU00000oHHzQYAW,Entertainment - Leisure,ACC_12,,,
0012000000WuQKq,001AU00000oHHzRYAW,FMCG - Fast-moving consumer goods,ACC_14,,,
0012000000WuQKz,001AU00000oHHzSYAW,Public Sector - Government,ACC_16,,,
0012000000WuQL8,001AU00000oHHzTYAW,Public Sector - Government,ACC_17,,,
0012000000WuQLf,001AU00000oHHzUYAW,Automotive,ACC_18,,,
0012000000WuQLo,001AU00000oHHzVYAW,Retail - E-commerce - B2C,ACC_20,,,
0012000000WuQLU,001AU00000oHHzWYAW,Telecommunications,ACC_21,,,
0012000000WuQMU,001AU00000oHHzXYAW,Retail - E-commerce - B2C,ACC_22,,,
0012000000WuURo,001AU00000oHHzYYAW,Building - Construction - Engineering,ACC_23,,,
0012000000Ww2xr,001AU00000oHHzZYAW,Consulting - IT - Services  - Software,ACC_25,,,
0012000000Xd2j2,001AU00000oHHzaYAG,Public Sector - Government,ACC_26,,,
0012000000XdnIK,001AU00000oHHzbYAG,Other,ACC_27,,,
0012000000XewFc,001AU00000oHHzcYAG,Manufacturing,ACC_28,,,
0012p00002d2o5a,001AU00000oHHzdYAG,Consulting - IT - Services  - Software,ACC_29,,,
0012p00002eoWOZ,001AU00000oHHzeYAG,,ACC_30,,,
0012p00002hm8of,001AU00000oHHzfYAG,Energy - Mining - Oil & Gas,ACC_31,,,
0012p00002J8xng,001AU00000oHHzgYAG,Services,ACC_32,,,
0012p00002J9Qtp,001AU00000oHHzhYAG,Manufacturing,ACC_33,,,
0012p00002JBytu,001AU00000oHHziYAG,Retail - E-commerce - B2B,ACC_34,,,
0012p00002Jtbui,001AU00000oHHzjYAG,Transportation,ACC_35,,,
0012p00002JvZ8p,001AU00000oHHzkYAG,Public Sector - Government,ACC_36,,,
0012p00002Jwu1y,001AU00000oHHzlYAG,Biotech. -  Healthcare - Pharmaceutical,ACC_37,,,
0012p00002JxCj3,001AU00000oHHzmYAG,Consulting - IT - Services  - Software,ACC_38,,,
0012p00002lSRWC,001AU00000oHHznYAG,,ACC_39,,,
0012p00002O9yHR,001AU00000oHHzoYAG,Building - Construction - Engineering,ACC_40,,,
0012p00002OCY9D,001AU00000oHHzpYAG,Logistics,ACC_42,,,
0012p00002SbfcQ,001AU00000oHHzqYAG,Manufacturing,ACC_43,,,
0012p00002zhScF,001AU00000oHHzrYAG,,ACC_47,,,
0012p000032C1pv,001AU00000oHHzsYAG,Consulting - IT - Services  - Software,ACC_48,,,
0012p000033drm3,001AU00000oHHztYAG,Manufacturing,ACC_49,,,
0012p00003Avodq,001AU00000oHHzuYAG,Agriculture,ACC_51,,,
0012p00003bWthD,001AU00000oHHzvYAG,Retail - E-commerce - B2C,ACC_53,,,
0012p00003bYIY5,001AU00000oHHzwYAG,,ACC_54,,,
0012p00003bYIZN,001AU00000oHHzxYAG,,ACC_55,,,
0012p00003bYonW,001AU00000oHHzyYAG,,ACC_56,,,
0012p00003bZhi9,001AU00000oHHzzYAG,,ACC_57,,,
0012p00003es6NQ,001AU00000oHI00YAG,Agriculture,ACC_58,,,
0012p00003eu8Um,001AU00000oHI01YAG,Manufacturing,ACC_59,,,
0012p00003FnL74,001AU00000oHI02YAG,,ACC_60,,,
0012p00003iJ3ga,001AU00000oHI03YAG,,ACC_61,,,
0012p00003iKet0,001AU00000oHI04YAG,,ACC_62,,,
0012p00003iKieJ,001AU00000oHI05YAG,,ACC_64,,,
0012p00003iLfdu,001AU00000oHI06YAG,Environmental,ACC_65,,,
0012p00003IZZw0,001AU00000oHI07YAG,Consulting - IT - Services  - Software,ACC_67,,,
0012p00003IZZyB,001AU00000oHI08YAG,Consulting - IT - Services  - Software,ACC_68,,,
0012p00003lhMha,001AU00000oHI09YAG,,ACC_69,,,
0012p00003lhMLP,001AU00000oHI0AYAW,,ACC_70,,,
0012p00003lj5c2,001AU00000oHI0BYAW,Biotech. -  Healthcare - Pharmaceutical,ACC_71,,,
0012p00003ljFS8,001AU00000oHI0CYAW,Biotech. -  Healthcare - Pharmaceutical,ACC_72,,,
0012p00003LR81J,001AU00000oHI0DYAW,,ACC_73,,,
0012p00003LR81K,001AU00000oHI0EYAW,Public Sector - Government,ACC_74,,,
0012p00003OL134,001AU00000oHI0FYAW,Building - Construction - Engineering,ACC_75,,,
0012p00003ONQAv,001AU00000oHI0GYAW,,ACC_76,,,
0012p00003p3v9v,001AU00000oHI0HYAW,,ACC_77,,,
0012p00003p4Ogp,001AU00000oHI0IYAW,,ACC_78,,,
0012p00003p6bfH,001AU00000oHI0JYAW,,ACC_81,,,
0012p00003p6Ywe,001AU00000oHI0KYAW,,ACC_82,,,
0012p00003S7lWw,001AU00000oHI0LYAW,,ACC_83,,,
0012p00003S9G8a,001AU00000oHI0MYAW,Biotech. -  Healthcare - Pharmaceutical,ACC_84,,,
0012p00003XFfVQ,001AU00000oHI0NYAW,,ACC_88,,,
0012p00003XFRgY,001AU00000oHI0OYAW,Manufacturing,ACC_89,,,
0012p00003xWG7j,001AU00000oHI0PYAW,Services,ACC_93,,,
0012p00003ZhXnr,001AU00000oHI0QYAW,Retail - E-commerce - B2C,ACC_94,,,
0012p00003ZhXry,001AU00000oHI0RYAW,Retail - E-commerce - B2C,ACC_95,,,
0012p0000413BhA,001AU00000oHI0SYAW,Retail - E-commerce - B2C,ACC_96,,,
0012p0000413EmT,001AU00000oHI0TYAW,Automotive,ACC_97,,,
0012p0000415u5Y,001AU00000oHI0UYAW,,ACC_98,,,
0012p0000416fjx,001AU00000oHI0VYAW,Public Sector - Government,ACC_99,,,
0012p000044Xs5J,001AU00000oHI0WYAW,,ACC_100,,,
0012p000044XT9c,001AU00000oHRtRYAW,Automotive,ACC_101,,,
0012p0000478Ypi,001AU00000oHRtSYAW,Services,ACC_102,,,
0012p000048a69J,001AU00000oHRtTYAW,Retail - E-commerce - B2B,ACC_103,,,
0012p000048cAMY,001AU00000oHRtUYAW,Building - Construction - Engineering,ACC_104,,,
0012p000048cB4p,001AU00000oHRtVYAW,,ACC_105,,,
0012p000048cBBC,001AU00000oHRtWYAW,,ACC_106,,,
0012p00004AWJ4J,001AU00000oHRtXYAW,Insurance,ACC_107,,,
0012p00004AX8bW,001AU00000oHRtYYAW,Consulting - IT - Services  - Software,ACC_108,,,
0015700001mdIqI,001AU00000oHRtZYAW,Services,ACC_109,,,
0015700001mdpA2,001AU00000oHRtaYAG,Public Sector - Government,ACC_110,,,
0015700001oo5UF,001AU00000oHRtbYAG,Agriculture,ACC_112,,,
0015700001r276n,001AU00000oHRtcYAG,Retail - E-commerce - B2C,ACC_114,,,
0015700001suLaZ,001AU00000oHRtdYAG,Biotech. -  Healthcare - Pharmaceutical,ACC_115,,,
0015700001xCTK5,001AU00000oHRteYAG,Retail - E-commerce - B2C,ACC_116,,,
0015700001xPUSP,001AU00000oHRtfYAG,Environmental,ACC_117,,,
0015700001xRYhQ,001AU00000oHRtgYAG,Manufacturing,ACC_118,,,
0015700001xT7vD,001AU00000oHRthYAG,Consulting - IT - Services  - Software,ACC_119,,,
0015700001zrWFj,001AU00000oHRtiYAG,Consulting - IT - Services  - Software,ACC_121,,,
00157000023F29q,001AU00000oHRtjYAG,Hospitals,ACC_122,,,
00157000024SKdW,001AU00000oHRtkYAG,Retail - E-commerce - B2C,ACC_123,,,
00157000024SKeD,001AU00000oHRtlYAG,Retail - E-commerce - B2C,ACC_124,,,
00157000024SSFG,001AU00000oHRtmYAG,Other,ACC_125,,,
00157000024T0n8,001AU00000oHRtnYAG,Services,ACC_126,,,
00157000024T79w,001AU00000oHRtoYAG,Energy - Mining - Oil & Gas,ACC_127,,,
00157000024Tk9I,001AU00000oHRtpYAG,Public Sector - Government,ACC_129,,,
00157000025OOYz,001AU00000oHRtqYAG,Transportation,ACC_130,,,
00157000026Layg,001AU00000oHRtrYAG,Manufacturing,ACC_131,,,
00157000026Mrcl,001AU00000oHRtsYAG,Public Sector - Government,ACC_132,,,
00157000027bp4s,001AU00000oHRttYAG,,ACC_133,,,
00157000027c4ob,001AU00000oHRtuYAG,Consulting - IT - Services  - Software,ACC_134,,,
00157000028qt0G,001AU00000oHRtvYAG,Consulting - IT - Services  - Software,ACC_136,,,
0015700002AnEAh,001AU00000oHRtwYAG,Retail - E-commerce - B2B,ACC_137,,,
0015700002BbGNy,001AU00000oHRtxYAG,Consulting - IT - Services  - Software,ACC_138,,,
0015700002BYqqL,001AU00000oHRtyYAG,Services,ACC_139,,,
0015700002BYst4,001AU00000oHRtzYAG,Consulting - IT - Services  - Software,ACC_141,,,
0015700002Ce6xd,001AU00000oHRu0YAG,Consulting - IT - Services  - Software,ACC_142,,,
0015700002DkIZP,001AU00000oHRu1YAG,Manufacturing,ACC_143,,,
0015700002DlHu4,001AU00000oHRu2YAG,Bank - Finance,ACC_144,,,
0015700002FNczj,001AU00000oHRu3YAG,Automotive,ACC_146,,,
0015700002H6hxR,001AU00000oHRu4YAG,Retail - E-commerce - B2C,ACC_147,,,
0015700002I0nL3,001AU00000oHRu5YAG,Biotech. -  Healthcare - Pharmaceutical,ACC_149,,,
0015700002ImcVp,001AU00000oHRu6YAG,Biotech. -  Healthcare - Pharmaceutical,ACC_150,,,
0015700002ImVqC,001AU00000oHRu7YAG,Services,ACC_151,,,
0015700002ImYk1,001AU00000oHRu8YAG,Manufacturing,ACC_152,,,
001AX000001p2nX,001AU00000oHRu9YAG,Retail - E-commerce - B2C,ACC_153,,,
001AX000001p3B8,001AU00000oHRuAYAW,Retail - E-commerce - B2C,ACC_154,,,
001AX000001p3e7,001AU00000oHRuBYAW,Consulting - IT - Services  - Software,ACC_155,,,
001AX000001ptFT,001AU00000oHRuCYAW,Public Sector - Government,ACC_156,,,
001AX000002b9sQ,001AU00000oHRuDYAW,Retail - E-commerce - B2C,ACC_157,,,
001AX000002bg2D,001AU00000oHRuEYAW,Food & Beverages,ACC_158,,,
001AX000002JMgx,001AU00000oHRuFYAW,Communication - Media,ACC_159,,,
001AX000002JtG1,001AU00000oHRuGYAW,Retail - E-commerce - B2C,ACC_160,,,
001AX000002Kkei,001AU00000oHRuHYAW,Retail - E-commerce - B2B,ACC_162,,,
001AX000002Le00,001AU00000oHRuIYAW,Consulting - IT - Services  - Software,ACC_163,,,
001AX000002LjgN,001AU00000oHRuJYAW,,ACC_164,,,
001AX000002LMp5,001AU00000oHRuKYAW,,ACC_165,,,
001AX000002LMqr,001AU00000oHRuLYAW,,ACC_166,,,
001AX000002MUO6,001AU00000oHRuMYAW,,ACC_167,,,
001AX000002Nd8D,001AU00000oHRuNYAW,Food & Beverages,ACC_168,,,
001AX000002NwC8,001AU00000oHRuOYAW,,ACC_169,,,
001AX000002OEJr,001AU00000oHRuPYAW,,ACC_170,,,
001AX000002QbfL,001AU00000oHRuQYAW,Chemicals,ACC_172,,,
001AX000002S6se,001AU00000oHRuRYAW,Biotech. -  Healthcare - Pharmaceutical,ACC_174,,,
001AX000002saVv,001AU00000oHRuSYAW,Retail - E-commerce - B2C,ACC_175,,,
001AX000002TFzl,001AU00000oHRuTYAW,Manufacturing,ACC_176,,,
001AX000002TWMq,001AU00000oHRuUYAW,Bank - Finance,ACC_177,,,
001AX000002VWKH,001AU00000oHRuVYAW,Agriculture,ACC_179,,,
001AX000002xdFZ,001AU00000oHRuWYAW,,ACC_180,,,
001AX0000039GMT,001AU00000oHRuXYAW,Building - Construction - Engineering,ACC_183,,,
001AX000003AQDT,001AU00000oHRuYYAW,Consulting - IT - Services  - Software,ACC_184,,,
001AX000003b0fx,001AU00000oHRuZYAW,Retail - E-commerce - B2C,ACC_185,,,
001AX000003b0Zp,001AU00000oHRuaYAG,Food & Beverages,ACC_186,,,
001AX000003c7WW,001AU00000oHRubYAG,Environmental,ACC_187,,,
001AX000003cksG,001AU00000oHRucYAG,,ACC_188,,,
001AX000003Fm8P,001AU00000oHRudYAG,Manufacturing,ACC_191,,,
001AX000003frcV,001AU00000oHRueYAG,,ACC_192,,,
001AX000003gBkw,001AU00000oHRufYAG,Agriculture,ACC_193,,,
001AX000003hOxO,001AU00000oHRugYAG,Automotive,ACC_195,,,
001AX000003iUKK,001AU00000oHRuhYAG,,ACC_196,,,
001AX000003k353,001AU00000oHRuiYAG,Services,ACC_197,,,
001AX000003k5fr,001AU00000oHRujYAG,Services,ACC_198,,,
001AX000003k5GC,001AU00000oHRukYAG,Biotech. -  Healthcare - Pharmaceutical,ACC_199,,,
001AX000003k5j4,001AU00000oHRulYAG,Consulting - IT - Services  - Software,ACC_200,,,
001AX000003k5PI,001AU00000oHRumYAG,Retail - E-commerce - B2C,ACC_201,,,
001AX000003k6hq,001AU00000oHRunYAG,Food & Beverages,ACC_202,,,
001AX000003k6rP,001AU00000oHRuoYAG,Retail - E-commerce - B2C,ACC_203,,,
001AX000003k6xh,001AU00000oHRupYAG,Services,ACC_204,,,
001AX000003k77d,001AU00000oHRuqYAG,Services,ACC_205,,,
001AX000003k7Ec,001AU00000oHRurYAG,Retail - E-commerce - B2C,ACC_206,,,
001AX000003kpIm,001AU00000oHRusYAG,Other,ACC_207,,,
001AX000003l62F,001AU00000oHRutYAG,Services,ACC_208,,,
001AX000003NUn0,001AU00000oHRuuYAG,Services,ACC_209,,,
001AX000003nyhj,001AU00000oHRuvYAG,Consulting - IT - Services  - Software,ACC_210,,,
001AX000003p03a,001AU00000oHRuwYAG,,ACC_211,,,
001AX000003Qdu1,001AU00000oHRuxYAG,Services,ACC_212,,,
001AX000003QevL,001AU00000oHRuyYAG,Food & Beverages,ACC_213,,,
001AX000003QfdQ,001AU00000oHRuzYAG,Services,ACC_214,,,
001AX000003QftP,001AU00000oHRv0YAG,Retail - E-commerce - B2C,ACC_215,,,
001AX000003Qfu9,001AU00000oHRv1YAG,Services,ACC_216,,,
001AX000003Qfx2,001AU00000oHRv2YAG,Food & Beverages,ACC_217,,,
001AX000003qst4,001AU00000oHRv3YAG,Services,ACC_218,,,
001AX000003qsxN,001AU00000oHRv4YAG,Retail - E-commerce - B2B,ACC_219,,,
001AX000003qteh,001AU00000oHRv5YAG,Services,ACC_220,,,
001AX000003rCoI,001AU00000oHRv6YAG,,ACC_221,,,
001AX000003RCyJ,001AU00000oHRv7YAG,Chemicals,ACC_222,,,
001AX000003sF5r,001AU00000oHRv8YAG,Retail - E-commerce - B2C,ACC_224,,,
001AX00000532we,001AU00000oHRwfYAG,,ACC_258,,,
001AX0000054FmE,001AU00000oHRwgYAG,Manufacturing,ACC_259,,,
001AX00000557W5,001AU00000oHRwhYAG,Retail - E-commerce - B2B,ACC_260,,,
001AX0000055P5A,001AU00000oHRwiYAG,Biotech. -  Healthcare - Pharmaceutical,ACC_261,,,
001AX0000058tNM,001AU00000oHRwjYAG,,ACC_263,,,
001AX0000058tw4,001AU00000oHRwkYAG,Retail - E-commerce - B2B,ACC_264,,,
001AX0000059NxV,001AU00000oHRwlYAG,,ACC_268,,,
001AX000005AyDP,001AU00000oHRwmYAG,,ACC_269,,,
001AX000005BAqJ,001AU00000oHRwnYAG,,ACC_270,,,
001AX000005BSIM,001AU00000oHRwoYAG,Hospitality,ACC_271,,,
001AX000005MT7S,001AU00000oHRwpYAG,,ACC_273,,,
001AX000005O0U9,001AU00000oHRwqYAG,,ACC_274,,,
001AX000005O6MK,001AU00000oHRwrYAG,Building - Construction - Engineering,ACC_275,,,
001AX000005Oh97,001AU00000oHRwsYAG,Agriculture,ACC_276,,,
001AX000005Ot0K,001AU00000oHRwtYAG,Retail - E-commerce - B2C,ACC_277,,,
001AX000005uuPA,001AU00000oHRwuYAG,,ACC_280,,,
001AX000005wiTF,001AU00000oHRwvYAG,,ACC_282,,,
001AX000005zBeL,001AU00000oHRwwYAG,,ACC_284,,,
001AX000005zDgJ,001AU00000oHRwxYAG,Energy - Mining - Oil & Gas,ACC_285,,,
001AX000005zDVu,001AU00000oHRwyYAG,,ACC_286,,,
001AX000005zDVv,001AU00000oHRwzYAG,,ACC_287,,,
001AX000005zEY2,001AU00000oHRx0YAG,,ACC_288,,,
001AX0000060gQI,001AU00000oHRx1YAG,,ACC_290,,,
001AX00000616jy,001AU00000oHRx2YAG,,ACC_291,,,
001AX0000061734,001AU00000oHRx3YAG,Building - Construction - Engineering,ACC_292,,,
001AX0000061CtB,001AU00000oHRx4YAG,Education,ACC_293,,,
001AX0000061Dd8,001AU00000oHRx5YAG,,ACC_294,,,
001AX0000061m0c,001AU00000oHRx6YAG,,ACC_295,,,
001D000000flgs4,001AU00000oHRx7YAG,Environmental,ACC_299,,,
001D000000fT83u,001AU00000oHRx8YAG,Public Sector - Government,ACC_300,,,
001D000000h1lWP,001AU00000oHRx9YAG,Consulting - IT - Services  - Software,Stratégis Numérique,,,
001D000000iRIAA,001AU00000oHRxAYAW,Public Sector - Government,ACC_302,,,
001D000000kyUEO,001AU00000oHRxBYAW,Food & Beverages,ACC_305,,,
001D000000kyVvu,001AU00000oHRxCYAW,Public Sector - Government,ACC_306,,,
001D000000kzuOW,001AU00000oHRxDYAW,Consulting - IT - Services  - Software,Digivia,,,
001D000000kzysm,001AU00000oHRxEYAW,Services,ACC_308,,,
001D000000ljv50,001AU00000oHRxFYAW,Energy - Mining - Oil & Gas,Franco Solaire,,,
001D000000nQDZc,001AU00000oHRxGYAW,Biotech. -  Healthcare - Pharmaceutical,ACC_312,,,
001D000000rhwrA,001AU00000oHRxHYAW,Communication - Media,ACC_314,,,
001D000000tlVD8,001AU00000oHRxIYAW,Retail - E-commerce - B2C,ACC_316,,,
001D000000y7IB9,001AU00000oHRxJYAW,Food & Beverages,ACC_317,,,
001D000000zra8U,001AU00000oHRxKYAW,Biotech. -  Healthcare - Pharmaceutical,ACC_318,,,
001D00000113n72,001AU00000oHRxLYAW,,ACC_319,,,
001D0000011xCbG,001AU00000oHRxMYAW,Real Estate,ACC_320,,,
001D0000011xFlZ,001AU00000oHRxNYAW,Other,ACC_321,,,
001D0000011xHo3,001AU00000oHRxOYAW,Entertainment - Leisure,ACC_322,,,
001D0000011xKeI,001AU00000oHRxPYAW,Agriculture,ACC_323,,,
001D0000011zCYn,001AU00000oHRxQYAW,Entertainment - Leisure,Parcs des Belles Aventures,,,
001D00000153oKp,001AU00000oHRxRYAW,Consulting - IT - Services  - Software,ACC_325,,,
001D00000155f8w,001AU00000oHRxSYAW,Public Sector - Government,ACC_326,,,
001D00000157YN7,001AU00000oHRxTYAW,,ACC_327,,,
001D0000019GE0w,001AU00000oHRxUYAW,Public Sector - Government,Institut Sup. Langue Française,,,
001D0000019GHnr,001AU00000oHRxVYAW,Food & Beverages,ACC_329,,,
001D000001arqRq,001AU00000oHRxWYAW,Automotive,ACC_332,,,
001D000001bGQF7,001AU00000oHRxXYAW,Biotech. -  Healthcare - Pharmaceutical,ACC_333,,,
001D000001BnIGg,001AU00000oHRxYYAW,Retail - E-commerce - B2C,ACC_335,,,
001D000001eSc53,001AU00000oHRxZYAW,Transportation,ACC_340,,,
001D000001fsgar,001AU00000oHRxaYAG,Retail - E-commerce - B2C,ACC_341,,,
001D000001fsh5h,001AU00000oHRxbYAG,Bank - Finance,ACC_342,,,
001D000001fsh8M,001AU00000oHRxcYAG,Manufacturing,ACC_343,,,
001D000001fsZ7K,001AU00000oHRxdYAG,Retail - E-commerce - B2C,ACC_344,,,
001D000001gbQjm,001AU00000oHRxeYAG,Services,ACC_345,,,
001D000001gbQlr,001AU00000oHRxfYAG,Transportation,ACC_348,,,
001D000001H8h8H,001AU00000oHRxgYAG,Public Sector - Government,ACC_350,,,
001D000001KsKym,001AU00000oHRxhYAG,Public Sector - Government,ACC_352,,,
001D000001KVlJL,001AU00000oHRxiYAG,Retail - E-commerce - B2C,ACC_353,,,
001D000001LICJn,001AU00000oHRxjYAG,Retail - E-commerce - B2C,ACC_355,,,
001D000001LnRS6,001AU00000oHRxkYAG,Public Sector - Government,ACC_356,,,
001D000001LnRSy,001AU00000oHRxlYAG,Transportation,ACC_357,,,
001D000001LnRT3,001AU00000oHRxmYAG,Insurance,ACC_358,,,
001D000001LnRU4,001AU00000oHRxnYAG,Consulting - IT - Services  - Software,ACC_359,,,
001D000001OxqFh,001AU00000oHRxoYAG,Food & Beverages,ACC_361,,,
001D000001OxqXz,001AU00000oHRxpYAG,Retail - E-commerce - B2C,ACC_362,,,
001D000001Oz706,001AU00000oHRxqYAG,Other,ACC_363,,,
001D000001UgNO6,001AU00000oHRxrYAG,Building - Construction - Engineering,ACC_364,,,
001Sb000005S7Rz,001AU00000oHRxsYAG,Manufacturing,ACC_365,,,
001Sb000005t3f8,001AU00000oHRxtYAG,Energy - Mining - Oil & Gas,ACC_366,,,
001Sb0000067QNM,001AU00000oHRxuYAG,Energy - Mining - Oil & Gas,ACC_367,,,
001Sb000006OsIP,001AU00000oHRxvYAG,,ACC_370,,,
001Sb000007Chzk,001AU00000oHRxwYAG,Retail - E-commerce - B2C,ACC_372,,,
001Sb000007DGRF,001AU00000oHRxxYAG,,ACC_373,,,
001Sb000007hdQL,001AU00000oHRxyYAG,,ACC_374,,,
001Sb00000813NU,001AU00000oHRxzYAG,,ACC_375,,,
001Sb000008bwEw,001AU00000oHRy0YAG,,ACC_376,,,
001Sb000008x8JX,001AU00000oHRy1YAG,,ACC_377,,,
001Sb0000090RPj,001AU00000oHRy2YAG,,ACC_378,,,
001Sb0000091Ybx,001AU00000oHRy3YAG,Food & Beverages,ACC_379,,,
001Sb00000AAeOG,001AU00000oHRy4YAG,Retail - E-commerce - B2B,ACC_382,,,
001Sb00000AhepH,001AU00000oHRy5YAG,Manufacturing,ACC_383,,,
001Sb00000Ahk3R,001AU00000oHRy6YAG,Fabrication d’équipements médicaux,ACC_384,,,
001Sb00000AjGJE,001AU00000oHRy7YAG,,ACC_385,,,
001Sb00000AqHv3,001AU00000oHRy8YAG,Commerce de détail,ACC_386,,,
001Sb00000BnYgX,001AU00000oHRy9YAG,Agriculture,ACC_388,,,
001Sb00000Cf2IL,001AU00000oHRyAYAW,Building - Construction - Engineering,ACC_389,,,
001Sb00000CPyLn,001AU00000oHRyBYAW,,ACC_390,,,
001Sb00000Djjcc,001AU00000oHRyCYAW,,ACC_391,,,
001Sb00000DuVb9,001AU00000oHRyDYAW,,ACC_392,,,
001Sb00000EGLYI,001AU00000oHRyEYAW,,ACC_393,,,
001Sb00000EhZ8x,001AU00000oHRyFYAW,,ACC_394,,,
001Sb00000EhZTt,001AU00000oHRyGYAW,,ACC_395,,,
001Sb00000ERvIJ,001AU00000oHRyHYAW,Energy - Mining - Oil & Gas,ACC_396,,,
001Sb00000EvlDT,001AU00000oHRyIYAW,Food & Beverages,ACC_397,,,
001Sb00000EZwHD,001AU00000oHRyJYAW,,ACC_398,,,
001Sb00000GFwNS,001AU00000oHRyKYAW,,ACC_402,,,
001Sb00000GFwX7,001AU00000oHRyLYAW,,ACC_403,,,
001Sb00000GjA5I,001AU00000oHRyMYAW,Services,ACC_404,,,
001Sb00000H8jSr,001AU00000oHRyNYAW,Food & Beverages,ACC_407,,,
001Sb00000H8T1R,001AU00000oHRyOYAW,Public Sector - Government,ACC_408,,,
001Sb00000HEen0,001AU00000oHRyPYAW,,ACC_410,,,
001Sb00000HEmFv,001AU00000oHRyQYAW,Retail - E-commerce - B2C,ACC_411,,,
001Sb00000I6YmF,001AU00000oHRyRYAW,Agriculture,ACC_412,,,
001Sb00000IeNtK,001AU00000oHRySYAW,,ACC_413,,,
001Sb00000Ilhn7,001AU00000oHRyTYAW,,ACC_414,,,
001Sb00000IQQ1d,001AU00000oHRyUYAW,,ACC_415,,,
001Sb00000IRhPu,001AU00000oHRyVYAW,,ACC_416,,,
001Sb00000IRhXy,001AU00000oHRyWYAW,,ACC_417,,,
001Sb00000IRmEI,001AU00000oHRyXYAW,,ACC_418,,,
001Sb00000IRorB,001AU00000oHRyYYAW,Automotive,ACC_419,,,
001Sb00000Irv15,001AU00000oHRyZYAW,Retail - E-commerce - B2C,ACC_420,,,
001Sb00000ITqH3,001AU00000oHRyaYAG,,ACC_421,,,
001Sb00000ITtIC,001AU00000oHRybYAG,,ACC_422,,,
001Sb00000ITxfU,001AU00000oHRycYAG,,ACC_423,,,
001Sb00000IU2F0,001AU00000oHRydYAG,,ACC_424,,,
001Sb00000IUGQB,001AU00000oHRyeYAG,Centrales d'achat non alimentaires,ACC_425,,,
001Sb00000IUJ66,001AU00000oHRyfYAG,Commerce de détail,ACC_426,,,
001Sb00000IUL7w,001AU00000oHRygYAG,,ACC_427,,,
001Sb00000IULcY,001AU00000oHRyhYAG,Entretien et réparation de véhicules automobiles légers,ACC_428,,,
001Sb00000IUNeM,001AU00000oHRyiYAG,,ACC_429,,,
001Sb00000IUOKH,001AU00000oHRyjYAG,Energy - Mining - Oil & Gas,ACC_430,,,
001Sb00000IUP8H,001AU00000oHRykYAG,,ACC_431,,,
001Sb00000IUqjb,001AU00000oHRylYAG,Energy - Mining - Oil & Gas,ACC_432,,,
001Sb00000IUsGm,001AU00000oHRymYAG,,ACC_433,,,
001Sb00000IUSVy,001AU00000oHRynYAG,,ACC_434,,,
001Sb00000IUVAU,001AU00000oHRyoYAG,,ACC_435,,,
001Sb00000IUVDj,001AU00000oHRypYAG,,ACC_436,,,
001Sb00000IUzbc,001AU00000oHRyqYAG,Environmental,ACC_437,,,
001Sb00000IUzV8,001AU00000oHRyrYAG,,ACC_438,,,
001Sb00000IVDt6,001AU00000oHRysYAG,,ACC_439,,,
001Sb00000IW7FM,001AU00000oHRytYAG,,ACC_440,,,
001Sb00000IZhKf,001AU00000oHRyuYAG,,ACC_441,,,
001Sb00000J0wfO,001AU00000oHRyvYAG,Consulting - IT - Services  - Software,ACC_442,,,
001Sb00000J53C7,001AU00000oHRywYAG,,ACC_443,,,
001Sb00000JKmnB,001AU00000oHRyxYAG,Retail - E-commerce - B2C,ACC_444,,,
001Sb00000Jmfvc,001AU00000oHRyyYAG,,ACC_445,,,
001Sb00000JSWN1,001AU00000oHRyzYAG,,ACC_446,,,
001Sb00000Jtepw,001AU00000oHRz0YAG,Communication - Media,ACC_447,,,
001Sb00000K71VK,001AU00000oHRz1YAG,Retail - E-commerce - B2B,ACC_448,,,
001Sb00000KcI3f,001AU00000oHRz2YAG,,ACC_449,,,
001Sb00000LGGsx,001AU00000oHRz3YAG,Commerce de détail,ACC_450,,,
001Sb00000M7pij,001AU00000oHRz4YAG,,ACC_452,,,
001Sb00000M9jxP,001AU00000oHRz5YAG,,ACC_453,,,
001Sb00000MgT7P,001AU00000oHRz6YAG,Public Sector - Government,ACC_454,,,
001Sb00000NbirI,001AU00000oHRz7YAG,Real Estate,ACC_455,,,
001Sb00000NbUtM,001AU00000oHRz8YAG,,ACC_456,,,
001Sb00000NkBGA,001AU00000oHRz9YAG,,ACC_457,,,
001Sb00000NssuE,001AU00000oHRzAYAW,,ACC_458,,,
001Sb00000O3C5G,001AU00000oHRzBYAW,Education,ACC_459,,,
001Sb00000OpR20,001AU00000oHRzCYAW,,ACC_460,,,
001Sb00000PDLUr,001AU00000oHRzDYAW,,ACC_463,,,
001Sb00000PrUhZ,001AU00000oHRzEYAW,Consulting - IT - Services  - Software,ACC_464,,,
001Sb00000R0O4U,001AU00000oHRzFYAW,,ACC_466,,,
001Sb00000RGFDG,001AU00000oHRzGYAW,Real Estate,ACC_467,,,
001Sb00000SflPR,001AU00000oHRzHYAW,Environmental,ACC_471,,,
001Sb00000SfQoW,001AU00000oHRzIYAW,Consulting - IT - Services  - Software,ACC_472,,,
001Sb00000SGg87,001AU00000oHRzJYAW,Food & Beverages,ACC_473,,,
0012p00002SceTX,001AU00000oHRzKYAW,Biotech. -  Healthcare - Pharmaceutical,Thérapeutix Naturalia,,,
0012p00002SdRwG,001AU00000oHRzLYAW,Consulting - IT - Services  - Software,ACC_45,,,
0012p00002xNEpv,001AU00000oHRzMYAW,Hospitals,ACC_46,,,
0012p000039WfRX,001AU00000oHRzNYAW,,ACC_50,,,
0012p00003p5AVL,001AU00000oHRzOYAW,Food & Beverages,ACC_80,,,
0012p00003XDrer,001AU00000oHRzPYAW,Manufacturing,ACC_85,,,
0012p00003XDsZC,001AU00000oHRzQYAW,,ACC_86,,,
0012p00003xSkse,001AU00000oHRzRYAW,Manufacturing,ACC_91,,,
0012p00003xSm38,001AU00000oHRzSYAW,Retail - E-commerce - B2C,ACC_92,,,
0015700001r1t4M,001AU00000oHRzTYAW,Manufacturing,ACC_113,,,
votrecaviste,001AU00000oKGTaYAO,Retail - E-commerce - B2C,Votre Caviste,,,Groupe
