Errors,EXTID__c,Id,Industry,Name,Type
,001AX000003ULef,001Aa00001GgttbIAB,Food & Beverages,ACC_225,
,001AX000003ULnr,001Aa00001GgttcIAB,Services,ACC_226,
,001AX000003ULoI,001Aa00001GgttdIAB,Services,ACC_227,
,001AX000003ULUv,001Aa00001GgtteIAB,Food & Beverages,ACC_228,
,001AX000003we6E,001Aa00001GgttfIAB,,ACC_229,
,001AX0000041J5o,001Aa00001GgttgIAB,,ACC_230,
,001AX0000046FHr,001Aa00001GgtthIAB,Consulting - IT - Services  - Software,ACC_231,
,001AX0000049qjQ,001Aa00001GgttiIAB,Public Sector - Government,ACC_232,
,001AX000004AFY5,001Aa00001GgttjIAB,Retail - E-commerce - B2C,ACC_233,
,001AX000004BYcp,001Aa00001GgttkIAB,,ACC_234,
,001AX000004czzF,001Aa00001GgttlIAB,Retail - E-commerce - B2C,ACC_236,
,001AX000004issv,001Aa00001GgttmIAB,,ACC_238,
,001AX000004P5QN,001Aa00001GgttnIAB,Biotech. -  Healthcare - Pharmaceutical,ACC_240,
,001AX000004peCW,001Aa00001GgttoIAB,Food & Beverages,ACC_241,
,001AX000004peDm,001Aa00001GgttpIAB,,ACC_242,
,001AX000004uG8j,001Aa00001GgttqIAB,,ACC_244,
,001AX000004vp2x,001Aa00001GgttrIAB,,ACC_245,
,001AX000004WAFW,001Aa00001GgttsIAB,,ACC_247,
,001AX000004xQyo,001Aa00001GgtttIAB,Energy - Mining - Oil & Gas,ACC_248,
,001AX000004Xt93,001Aa00001GgttuIAB,,ACC_249,
,001AX000004YEef,001Aa00001GgttvIAB,Food & Beverages,ACC_250,
,001AX000004Yisk,001Aa00001GgttwIAB,,ACC_251,
,001AX000004YQUm,001Aa00001GgttxIAB,Food & Beverages,ACC_253,
,001AX000004yZUO,001Aa00001GgttyIAB,FMCG - Fast-moving consumer goods,ACC_254,
,001AX0000052HyC,001Aa00001GgttzIAB,,ACC_256,
,0015700001ysg5K,001Aa00001Ggtu0IAB,Real Estate,ACC_120,
,00157000027cVn7,001Aa00001Ggtu1IAB,Consulting - IT - Services  - Software,ACC_135,
,0015700002I00A8,001Aa00001Ggtu2IAB,Aerospace - Defense,ACC_148,
,001AX000002KenC,001Aa00001Ggtu3IAB,Consulting - IT - Services  - Software,ACC_161,
,001AX000002PiTF,001Aa00001Ggtu4IAB,Automotive,ACC_171,
,001AX000002rCZB,001Aa00001Ggtu5IAB,Manufacturing,ACC_173,
,001AX000002UocN,001Aa00001Ggtu6IAB,,ACC_178,
,001AX000003ckzM,001Aa00001Ggtu7IAB,Manufacturing,ACC_189,
,001AX000003clCC,001Aa00001Ggtu8IAB,Real Estate,ACC_190,
,001AX000003RITy,001Aa00001Ggtu9IAB,Real Estate,ACC_223,
,001AX000004hEe0,001Aa00001GgtuAIAR,,ACC_237,
,001AX000004oCqR,001Aa00001GgtuBIAR,,ACC_239,
,001AX000004twX1,001Aa00001GgtuCIAR,,ACC_243,
,001AX000004w5Nr,001Aa00001GgtuDIAR,Retail - E-commerce - B2C,ACC_246,
,001AX000004YlhC,001Aa00001GgtuEIAR,,ACC_252,
,001AX0000051hpf,001Aa00001GgtuFIAR,Retail - E-commerce - B2B,ACC_255,
,001AX00000531mp,001Aa00001GgtuGIAR,,ACC_257,
,001AX0000055PFA,001Aa00001GgtuHIAR,,ACC_262,
,001AX0000058u73,001Aa00001GgtuIIAR,,ACC_265,
,001AX0000058ulh,001Aa00001GgtuJIAR,,ACC_266,
,001AX0000059hAJ,001Aa00001GgtuKIAR,Manufacturing,ACC_267,
,001AX000005H4Ao,001Aa00001GgtuLIAR,,ACC_272,
,001AX000005PiMB,001Aa00001GgtuMIAR,Public Sector - Government,Dir. Nat. Simplification Administrative,
,001AX000005uaSb,001Aa00001GgtuNIAR,,ACC_279,
,001AX000005whi4,001Aa00001GgtuOIAR,Consulting - IT - Services  - Software,ACC_281,
,001AX000005yuuP,001Aa00001GhHtVIAV,,ACC_283,
,001AX000005zxJR,001Aa00001GhHtWIAV,,ACC_289,
,001AX0000062hqB,001Aa00001GhHtXIAV,,ACC_296,
,001D000000fl7F7,001Aa00001GhHtYIAV,Energy - Mining - Oil & Gas,ACC_298,
,001D000001a6y5Y,001Aa00001GhHtZIAV,Food & Beverages,ACC_330,
,001D000001ailRi,001Aa00001GhHtaIAF,Food & Beverages,ACC_331,
,001D000001CTDlC,001Aa00001GhHtbIAF,Manufacturing,ACC_336,
,001D000001CTDzm,001Aa00001GhHtcIAF,Consulting - IT - Services  - Software,ACC_337,
,001D000001DbBIF,001Aa00001GhHtdIAF,Biotech. -  Healthcare - Pharmaceutical,ACC_338,
,001D000001DBpkf,001Aa00001GhHteIAF,Public Sector - Government,ACC_339,
,001D000001gbQkE,001Aa00001GhHtfIAF,Consulting - IT - Services  - Software,ACC_347,
,001D000001gbQmP,001Aa00001GhHtgIAF,Services,ACC_349,
,001D000001kz2Mb,001Aa00001GhHthIAF,Food & Beverages,ACC_354,
,001Sb000006CSY9,001Aa00001GhHtiIAF,Food & Beverages,ACC_368,
,001Sb000006IL5n,001Aa00001GhHtjIAF,,ACC_369,
,001Sb0000078p6B,001Aa00001GhHtkIAF,,ACC_371,
,001Sb000009a4zE,001Aa00001GhHtlIAF,,ACC_380,
,001Sb00000A7xYg,001Aa00001GhHtmIAF,,ACC_381,
,001Sb00000BjBp5,001Aa00001GhHtnIAF,,ACC_387,
,001Sb00000FwPjo,001Aa00001GhHtoIAF,Building - Construction - Engineering,ACC_399,
,001Sb00000G0rO5,001Aa00001GhHtpIAF,,ACC_400,
,001Sb00000GQqGH,001Aa00001GhHtqIAF,Energy - Mining - Oil & Gas,ACC_405,
,001Sb00000HbBcE,001Aa00001GhHtrIAF,,ACC_409,
,001Sb00000LWiHy,001Aa00001GhHtsIAF,Retail - E-commerce - B2C,ACC_451,
,001Sb00000PD1pX,001Aa00001GhHttIAF,,ACC_462,
,001Sb00000S6Qm6,001Aa00001GhHtuIAF,,ACC_469,
,001Sb00000SDyay,001Aa00001GhHtvIAF,,ACC_470,
,0012000000WuQJf,001Aa00001GhHtwIAF,Bank - Finance,ACC_7,
,0012000000WuQKn,001Aa00001GhHtxIAF,Services,ACC_13,
,0012000000WuQKt,001Aa00001GhHtyIAF,Retail - E-commerce - B2C,ACC_15,
,0012000000WuQLj,001Aa00001GhHtzIAF,Energy - Mining - Oil & Gas,ACC_19,
,0012000000Wvt9U,001Aa00001GhHu0IAF,Energy - Mining - Oil & Gas,ACC_24,
,0012p00002OAFA4,001Aa00001GhHu1IAF,Energy - Mining - Oil & Gas,ACC_41,
,0012p00003AyUc4,001Aa00001GhHu2IAF,Manufacturing,ACC_52,
,0012p00003iLj17,001Aa00001GhHu3IAF,Retail - E-commerce - B2C,ACC_66,
,0012p00003XF7w5,001Aa00001GhHu4IAF,Retail - E-commerce - B2C,ACC_87,
,0012p00003xSchU,001Aa00001GhHu5IAF,Energy - Mining - Oil & Gas,ACC_90,
,0015700001okdsO,001Aa00001GhHu6IAF,Transportation,ACC_111,
,00157000024Tgzj,001Aa00001GhHu7IAF,Public Sector - Government,Agence Nat. des Fermes Bio,
,0015700002BYsnC,001Aa00001GhHu8IAF,,ACC_140,
,0015700002FhmhD,001Aa00001GhHu9IAF,Transportation,ACC_145,
,001AX000002xeWz,001Aa00001GhHuAIAV,Energy - Mining - Oil & Gas,ACC_181,
,001AX000003hfWx,001Aa00001GhHuBIAV,Utilities,ACC_194,
,001AX000004cwPQ,001Aa00001GhHuCIAV,Energy - Mining - Oil & Gas,ACC_235,
,001AX0000062Xf8,001Aa00001GhHuDIAV,Biotech. -  Healthcare - Pharmaceutical,ACC_297,
,001D000000iRkfc,001Aa00001GhHuEIAV,Consulting - IT - Services  - Software,ACC_303,
,001D000000jmym5,001Aa00001GhHuFIAV,Bank - Finance,Banco Imbroglio,
,001D000000llcWg,001Aa00001GhHuGIAV,Retail - E-commerce - B2C,Votre Caviste Sébastien,Client
,001D000000sp0i9,001Aa00001GhHuHIAV,Telecommunications,ACC_315,
,001D000001Bmm1f,001Aa00001GhHuIIAV,Chemicals,ACC_334,
,001D000001gbQjs,001Aa00001GhHuJIAV,Retail - E-commerce - B2C,Votre Caviste Arthur,Client
,001D000001IVcVl,001Aa00001GhHuKIAV,Services,ACC_351,
,001D000001NOkKF,001Aa00001GhHuLIAV,Consulting - IT - Services  - Software,ACC_360,
,001Sb00000GFci7,001Aa00001GhHuMIAV,Energy - Mining - Oil & Gas,ACC_401,
,001Sb00000GtT4z,001Aa00001GhHuNIAV,Communication - Media,ACC_406,
,001Sb00000P7jhx,001Aa00001GhHuOIAV,Biotech. -  Healthcare - Pharmaceutical,ACC_461,
,001Sb00000Q7sUY,001Aa00001GhHuPIAV,Chemicals,ACC_465,
,001Sb00000RUVA7,001Aa00001GhHuQIAV,Transportation,ACC_468,
,0012p00003iKhQG,001Aa00001GhHuRIAV,Food & Beverages,ACC_63,
,0012p00003p4Olu,001Aa00001GhHuSIAV,Services,ACC_79,
,001AX0000034iGU,001Aa00001GhHuTIAV,Agriculture,ACC_182,
,001D000000lkUSt,001Aa00001GhHuUIAV,Retail - E-commerce - B2C,ACC_310,
,001D000000r8uUu,001Aa00001GhHuVIAV,Biotech. -  Healthcare - Pharmaceutical,ACC_313,
,0012000000eA7wB,001Aa00001GhHuWIAV,Biotech. -  Healthcare - Pharmaceutical,ACC_1,
,0012000000eANT9,001Aa00001GhHuXIAV,Retail - E-commerce - B2C,ACC_2,
,0012000000WubRK,001Aa00001GhHuYIAV,Retail - E-commerce - B2C,ACC_3,
,0012000000WuQHm,001Aa00001GhHuZIAV,Public Sector - Government,ACC_4,
,0012000000WuQIL,001Aa00001GhHuaIAF,Public Sector - Government,ACC_5,
,0012000000WuQJd,001Aa00001GhHubIAF,Retail - E-commerce - B2C,ACC_6,
,0012000000WuQJR,001Aa00001GhHucIAF,Public Sector - Government,ACC_8,
,0012000000WuQK1,001Aa00001GhHudIAF,Public Sector - Government,Ministère du Patrimoine,
,0012000000WuQKi,001Aa00001GhHueIAF,Services,ACC_10,
,0012000000WuQKK,001Aa00001GhHufIAF,Public Sector - Government,ACC_11,
,0012000000WuQKl,001Aa00001GhHugIAF,Entertainment - Leisure,ACC_12,
,0012000000WuQKq,001Aa00001GhHuhIAF,FMCG - Fast-moving consumer goods,ACC_14,
,0012000000WuQKz,001Aa00001GhHuiIAF,Public Sector - Government,ACC_16,
,0012000000WuQL8,001Aa00001GhHujIAF,Public Sector - Government,ACC_17,
,0012000000WuQLf,001Aa00001GhHukIAF,Automotive,ACC_18,
,0012000000WuQLo,001Aa00001GhHulIAF,Retail - E-commerce - B2C,ACC_20,
,0012000000WuQLU,001Aa00001GhHumIAF,Telecommunications,ACC_21,
,0012000000WuQMU,001Aa00001GhHunIAF,Retail - E-commerce - B2C,ACC_22,
,0012000000WuURo,001Aa00001GhHuoIAF,Building - Construction - Engineering,ACC_23,
,0012000000Ww2xr,001Aa00001GhHupIAF,Consulting - IT - Services  - Software,ACC_25,
,0012000000Xd2j2,001Aa00001GhHuqIAF,Public Sector - Government,ACC_26,
,0012000000XdnIK,001Aa00001GhHurIAF,Other,ACC_27,
,0012000000XewFc,001Aa00001GhHusIAF,Manufacturing,ACC_28,
,0012p00002d2o5a,001Aa00001GhHutIAF,Consulting - IT - Services  - Software,ACC_29,
,0012p00002eoWOZ,001Aa00001GhHuuIAF,,ACC_30,
,0012p00002hm8of,001Aa00001GhHuvIAF,Energy - Mining - Oil & Gas,ACC_31,
,0012p00002J8xng,001Aa00001GhHuwIAF,Services,ACC_32,
,0012p00002J9Qtp,001Aa00001GhHuxIAF,Manufacturing,ACC_33,
,0012p00002JBytu,001Aa00001GhHuyIAF,Retail - E-commerce - B2B,ACC_34,
,0012p00002Jtbui,001Aa00001GhHuzIAF,Transportation,ACC_35,
,0012p00002JvZ8p,001Aa00001GhHv0IAF,Public Sector - Government,ACC_36,
,0012p00002Jwu1y,001Aa00001GhHv1IAF,Biotech. -  Healthcare - Pharmaceutical,ACC_37,
,0012p00002JxCj3,001Aa00001GhHv2IAF,Consulting - IT - Services  - Software,ACC_38,
,0012p00002lSRWC,001Aa00001GhHv3IAF,,ACC_39,
,0012p00002O9yHR,001Aa00001GhHv4IAF,Building - Construction - Engineering,ACC_40,
,0012p00002OCY9D,001Aa00001GhHv5IAF,Logistics,ACC_42,
,0012p00002SbfcQ,001Aa00001GhHv6IAF,Manufacturing,ACC_43,
,0012p00002zhScF,001Aa00001GhHv7IAF,,ACC_47,
,0012p000032C1pv,001Aa00001GhHv8IAF,Consulting - IT - Services  - Software,ACC_48,
,0012p000033drm3,001Aa00001GhHv9IAF,Manufacturing,ACC_49,
,0012p00003Avodq,001Aa00001GhHvAIAV,Agriculture,ACC_51,
,0012p00003bWthD,001Aa00001GhHvBIAV,Retail - E-commerce - B2C,ACC_53,
,0012p00003bYIY5,001Aa00001GhHvCIAV,,ACC_54,
,0012p00003bYIZN,001Aa00001GhHvDIAV,,ACC_55,
,0012p00003bYonW,001Aa00001GhHvEIAV,,ACC_56,
,0012p00003bZhi9,001Aa00001GhHvFIAV,,ACC_57,
,0012p00003es6NQ,001Aa00001GhHvGIAV,Agriculture,ACC_58,
,0012p00003eu8Um,001Aa00001GhHvHIAV,Manufacturing,ACC_59,
,0012p00003FnL74,001Aa00001GhHvIIAV,,ACC_60,
,0012p00003iJ3ga,001Aa00001GhHvJIAV,,ACC_61,
,0012p00003iKet0,001Aa00001GhHvKIAV,,ACC_62,
,0012p00003iKieJ,001Aa00001GhHvLIAV,,ACC_64,
,0012p00003iLfdu,001Aa00001GhHvMIAV,Environmental,ACC_65,
,0012p00003IZZw0,001Aa00001GhHvNIAV,Consulting - IT - Services  - Software,ACC_67,
,0012p00003IZZyB,001Aa00001GhHvOIAV,Consulting - IT - Services  - Software,ACC_68,
,0012p00003lhMha,001Aa00001GhHvPIAV,,ACC_69,
,0012p00003lhMLP,001Aa00001GhHvQIAV,,ACC_70,
,0012p00003lj5c2,001Aa00001GhHvRIAV,Biotech. -  Healthcare - Pharmaceutical,ACC_71,
,0012p00003ljFS8,001Aa00001GhHvSIAV,Biotech. -  Healthcare - Pharmaceutical,ACC_72,
,0012p00003LR81J,001Aa00001GhHvTIAV,,ACC_73,
,0012p00003LR81K,001Aa00001GhHvUIAV,Public Sector - Government,ACC_74,
,0012p00003OL134,001Aa00001GhHvVIAV,Building - Construction - Engineering,ACC_75,
,0012p00003ONQAv,001Aa00001GhHvWIAV,,ACC_76,
,0012p00003p3v9v,001Aa00001GhHvXIAV,,ACC_77,
,0012p00003p4Ogp,001Aa00001GhHvYIAV,,ACC_78,
,0012p00003p6bfH,001Aa00001GhHvZIAV,,ACC_81,
,0012p00003p6Ywe,001Aa00001GhHvaIAF,,ACC_82,
,0012p00003S7lWw,001Aa00001GhHvbIAF,,ACC_83,
,0012p00003S9G8a,001Aa00001GhHvcIAF,Biotech. -  Healthcare - Pharmaceutical,ACC_84,
,0012p00003XFfVQ,001Aa00001GhHvdIAF,,ACC_88,
,0012p00003XFRgY,001Aa00001GhHveIAF,Manufacturing,ACC_89,
,0012p00003xWG7j,001Aa00001GhHvfIAF,Services,ACC_93,
,0012p00003ZhXnr,001Aa00001GhHvgIAF,Retail - E-commerce - B2C,ACC_94,
,0012p00003ZhXry,001Aa00001GhHvhIAF,Retail - E-commerce - B2C,ACC_95,
,0012p0000413BhA,001Aa00001GhHviIAF,Retail - E-commerce - B2C,ACC_96,
,0012p0000413EmT,001Aa00001GhHvjIAF,Automotive,ACC_97,
,0012p0000415u5Y,001Aa00001GhHvkIAF,,ACC_98,
,0012p0000416fjx,001Aa00001GhHvlIAF,Public Sector - Government,ACC_99,
,0012p000044Xs5J,001Aa00001GhHvmIAF,,ACC_100,
,0012p000044XT9c,001Aa00001GhHvnIAF,Automotive,ACC_101,
,0012p0000478Ypi,001Aa00001GhHvoIAF,Services,ACC_102,
,0012p000048a69J,001Aa00001GhHvpIAF,Retail - E-commerce - B2B,ACC_103,
,0012p000048cAMY,001Aa00001GhHvqIAF,Building - Construction - Engineering,ACC_104,
,0012p000048cB4p,001Aa00001GhHvrIAF,,ACC_105,
,0012p000048cBBC,001Aa00001GhHvsIAF,,ACC_106,
,0012p00004AWJ4J,001Aa00001GhHvtIAF,Insurance,ACC_107,
,0012p00004AX8bW,001Aa00001GhHvuIAF,Consulting - IT - Services  - Software,ACC_108,
,0015700001mdIqI,001Aa00001GhHvvIAF,Services,ACC_109,
,0015700001mdpA2,001Aa00001GhHvwIAF,Public Sector - Government,ACC_110,
,0015700001oo5UF,001Aa00001GhHvxIAF,Agriculture,ACC_112,
,0015700001r276n,001Aa00001GhHvyIAF,Retail - E-commerce - B2C,ACC_114,
,0015700001suLaZ,001Aa00001GhHvzIAF,Biotech. -  Healthcare - Pharmaceutical,ACC_115,
,0015700001xCTK5,001Aa00001GhHw0IAF,Retail - E-commerce - B2C,ACC_116,
,0015700001xPUSP,001Aa00001GhHw1IAF,Environmental,ACC_117,
,0015700001xRYhQ,001Aa00001GhHw2IAF,Manufacturing,ACC_118,
,0015700001xT7vD,001Aa00001GhHw3IAF,Consulting - IT - Services  - Software,ACC_119,
,0015700001zrWFj,001Aa00001GhHw4IAF,Consulting - IT - Services  - Software,ACC_121,
,00157000023F29q,001Aa00001GhHw5IAF,Hospitals,ACC_122,
,00157000024SKdW,001Aa00001GhHw6IAF,Retail - E-commerce - B2C,ACC_123,
,00157000024SKeD,001Aa00001GhHw7IAF,Retail - E-commerce - B2C,ACC_124,
,00157000024SSFG,001Aa00001GhHw8IAF,Other,ACC_125,
,00157000024T0n8,001Aa00001GhHw9IAF,Services,ACC_126,
,00157000024T79w,001Aa00001GhHwAIAV,Energy - Mining - Oil & Gas,ACC_127,
,00157000024Tk9I,001Aa00001GhHwBIAV,Public Sector - Government,ACC_129,
,00157000025OOYz,001Aa00001GhHwCIAV,Transportation,ACC_130,
,00157000026Layg,001Aa00001GhHwDIAV,Manufacturing,ACC_131,
,00157000026Mrcl,001Aa00001GhHwEIAV,Public Sector - Government,ACC_132,
,00157000027bp4s,001Aa00001GhHwFIAV,,ACC_133,
,00157000027c4ob,001Aa00001GhHwGIAV,Consulting - IT - Services  - Software,ACC_134,
,00157000028qt0G,001Aa00001GhHwHIAV,Consulting - IT - Services  - Software,ACC_136,
,0015700002AnEAh,001Aa00001GhHwIIAV,Retail - E-commerce - B2B,ACC_137,
,0015700002BbGNy,001Aa00001GhHwJIAV,Consulting - IT - Services  - Software,ACC_138,
,0015700002BYqqL,001Aa00001GhHwKIAV,Services,ACC_139,
,0015700002BYst4,001Aa00001GhHwLIAV,Consulting - IT - Services  - Software,ACC_141,
,0015700002Ce6xd,001Aa00001GhHwMIAV,Consulting - IT - Services  - Software,ACC_142,
,0015700002DkIZP,001Aa00001GhHwNIAV,Manufacturing,ACC_143,
,0015700002DlHu4,001Aa00001GhHwOIAV,Bank - Finance,ACC_144,
,0015700002FNczj,001Aa00001GhHwPIAV,Automotive,ACC_146,
,0015700002H6hxR,001Aa00001GhHwQIAV,Retail - E-commerce - B2C,ACC_147,
,0015700002I0nL3,001Aa00001GhHwRIAV,Biotech. -  Healthcare - Pharmaceutical,ACC_149,
,0015700002ImcVp,001Aa00001GhHwSIAV,Biotech. -  Healthcare - Pharmaceutical,ACC_150,
,0015700002ImVqC,001Aa00001GhHwTIAV,Services,ACC_151,
,0015700002ImYk1,001Aa00001GhHwUIAV,Manufacturing,ACC_152,
,001AX000001p2nX,001Aa00001GhHwVIAV,Retail - E-commerce - B2C,ACC_153,
,001AX000001p3B8,001Aa00001GhHwWIAV,Retail - E-commerce - B2C,ACC_154,
,001AX000001p3e7,001Aa00001GhHwXIAV,Consulting - IT - Services  - Software,ACC_155,
,001AX000001ptFT,001Aa00001GhHwYIAV,Public Sector - Government,ACC_156,
,001AX000002b9sQ,001Aa00001GhHwZIAV,Retail - E-commerce - B2C,ACC_157,
,001AX000002bg2D,001Aa00001GhHwaIAF,Food & Beverages,ACC_158,
,001AX000002JMgx,001Aa00001GhHwbIAF,Communication - Media,ACC_159,
,001AX000002JtG1,001Aa00001GhHwcIAF,Retail - E-commerce - B2C,ACC_160,
,001AX000002Kkei,001Aa00001GhHwdIAF,Retail - E-commerce - B2B,ACC_162,
,001AX000002Le00,001Aa00001GhHweIAF,Consulting - IT - Services  - Software,ACC_163,
,001AX000002LjgN,001Aa00001GhHwfIAF,,ACC_164,
,001AX000002LMp5,001Aa00001GhHwgIAF,,ACC_165,
,001AX000002LMqr,001Aa00001GhHwhIAF,,ACC_166,
,001AX000002MUO6,001Aa00001GhHwiIAF,,ACC_167,
,001AX000002Nd8D,001Aa00001GhHwjIAF,Food & Beverages,ACC_168,
,001AX000002NwC8,001Aa00001GhHwkIAF,,ACC_169,
,001AX000002OEJr,001Aa00001GhHwlIAF,,ACC_170,
,001AX000002QbfL,001Aa00001GhHwmIAF,Chemicals,ACC_172,
,001AX000002S6se,001Aa00001GhHwnIAF,Biotech. -  Healthcare - Pharmaceutical,ACC_174,
,001AX000002saVv,001Aa00001GhHwoIAF,Retail - E-commerce - B2C,ACC_175,
,001AX000002TFzl,001Aa00001GhHwpIAF,Manufacturing,ACC_176,
,001AX000002TWMq,001Aa00001GhHwqIAF,Bank - Finance,ACC_177,
,001AX000002VWKH,001Aa00001GhHwrIAF,Agriculture,ACC_179,
,001AX000002xdFZ,001Aa00001GhHwsIAF,,ACC_180,
,001AX0000039GMT,001Aa00001GhHwtIAF,Building - Construction - Engineering,ACC_183,
,001AX000003AQDT,001Aa00001GhHwuIAF,Consulting - IT - Services  - Software,ACC_184,
,001AX000003b0fx,001Aa00001GhHwvIAF,Retail - E-commerce - B2C,ACC_185,
,001AX000003b0Zp,001Aa00001GhHwwIAF,Food & Beverages,ACC_186,
,001AX000003c7WW,001Aa00001GhHwxIAF,Environmental,ACC_187,
,001AX000003cksG,001Aa00001GhHwyIAF,,ACC_188,
,001AX000003Fm8P,001Aa00001GhHwzIAF,Manufacturing,ACC_191,
,001AX000003frcV,001Aa00001GhHx0IAF,,ACC_192,
,001AX000003gBkw,001Aa00001GhHx1IAF,Agriculture,ACC_193,
,001AX000003hOxO,001Aa00001GhHx2IAF,Automotive,ACC_195,
,001AX000003iUKK,001Aa00001GhHx3IAF,,ACC_196,
,001AX000003k353,001Aa00001GhHx4IAF,Services,ACC_197,
,001AX000003k5fr,001Aa00001GhHx5IAF,Services,ACC_198,
,001AX000003k5GC,001Aa00001GhHx6IAF,Biotech. -  Healthcare - Pharmaceutical,ACC_199,
,001AX000003k5j4,001Aa00001GhHx7IAF,Consulting - IT - Services  - Software,ACC_200,
,001AX000003k5PI,001Aa00001GhHx8IAF,Retail - E-commerce - B2C,ACC_201,
,001AX000003k6hq,001Aa00001GhHx9IAF,Food & Beverages,ACC_202,
,001AX000003k6rP,001Aa00001GhHxAIAV,Retail - E-commerce - B2C,ACC_203,
,001AX000003k6xh,001Aa00001GhHxBIAV,Services,ACC_204,
,001AX000003k77d,001Aa00001GhHxCIAV,Services,ACC_205,
,001AX000003k7Ec,001Aa00001GhHxDIAV,Retail - E-commerce - B2C,ACC_206,
,001AX000003kpIm,001Aa00001GhHxEIAV,Other,ACC_207,
,001AX000003l62F,001Aa00001GhHxFIAV,Services,ACC_208,
,001AX000003NUn0,001Aa00001GhHxGIAV,Services,ACC_209,
,001AX000003nyhj,001Aa00001GhHxHIAV,Consulting - IT - Services  - Software,ACC_210,
,001AX000003p03a,001Aa00001GhHxIIAV,,ACC_211,
,001AX000003Qdu1,001Aa00001GhHxJIAV,Services,ACC_212,
,001AX000003QevL,001Aa00001GhHxKIAV,Food & Beverages,ACC_213,
,001AX000003QfdQ,001Aa00001GhHxLIAV,Services,ACC_214,
,001AX000003QftP,001Aa00001GhHxMIAV,Retail - E-commerce - B2C,ACC_215,
,001AX000003Qfu9,001Aa00001GhHxNIAV,Services,ACC_216,
,001AX000003Qfx2,001Aa00001GhHxOIAV,Food & Beverages,ACC_217,
,001AX000003qst4,001Aa00001GhHxPIAV,Services,ACC_218,
,001AX000003qsxN,001Aa00001GhHxQIAV,Retail - E-commerce - B2B,ACC_219,
,001AX000003qteh,001Aa00001GhHxRIAV,Services,ACC_220,
,001AX000003rCoI,001Aa00001GhHxSIAV,,ACC_221,
,001AX000003RCyJ,001Aa00001GhHxTIAV,Chemicals,ACC_222,
,001AX000003sF5r,001Aa00001GhHxUIAV,Retail - E-commerce - B2C,ACC_224,
,001AX00000532we,001Aa00001GhHxVIAV,,ACC_258,
,001AX0000054FmE,001Aa00001GhHxWIAV,Manufacturing,ACC_259,
,001AX00000557W5,001Aa00001GhHxXIAV,Retail - E-commerce - B2B,ACC_260,
,001AX0000055P5A,001Aa00001GhHxYIAV,Biotech. -  Healthcare - Pharmaceutical,ACC_261,
,001AX0000058tNM,001Aa00001GhHxZIAV,,ACC_263,
,001AX0000058tw4,001Aa00001GhHxaIAF,Retail - E-commerce - B2B,ACC_264,
,001AX0000059NxV,001Aa00001GhHxbIAF,,ACC_268,
,001AX000005AyDP,001Aa00001GhHxcIAF,,ACC_269,
,001AX000005BAqJ,001Aa00001GhHxdIAF,,ACC_270,
,001AX000005BSIM,001Aa00001GhHxeIAF,Hospitality,ACC_271,
,001AX000005MT7S,001Aa00001GhHxfIAF,,ACC_273,
,001AX000005O0U9,001Aa00001GhHxgIAF,,ACC_274,
,001AX000005O6MK,001Aa00001GhHxhIAF,Building - Construction - Engineering,ACC_275,
,001AX000005Oh97,001Aa00001GhHxiIAF,Agriculture,ACC_276,
,001AX000005Ot0K,001Aa00001GhHxjIAF,Retail - E-commerce - B2C,ACC_277,
,001AX000005uuPA,001Aa00001GhHxkIAF,,ACC_280,
,001AX000005wiTF,001Aa00001GhHxlIAF,,ACC_282,
,001AX000005zBeL,001Aa00001GhHxmIAF,,ACC_284,
,001AX000005zDgJ,001Aa00001GhHxnIAF,Energy - Mining - Oil & Gas,ACC_285,
,001AX000005zDVu,001Aa00001GhHxoIAF,,ACC_286,
,001AX000005zDVv,001Aa00001GhHxpIAF,,ACC_287,
,001AX000005zEY2,001Aa00001GhHxqIAF,,ACC_288,
,001AX0000060gQI,001Aa00001GhHxrIAF,,ACC_290,
,001AX00000616jy,001Aa00001GhHxsIAF,,ACC_291,
,001AX0000061734,001Aa00001GhHxtIAF,Building - Construction - Engineering,ACC_292,
,001AX0000061CtB,001Aa00001GhHxuIAF,Education,ACC_293,
,001AX0000061Dd8,001Aa00001GhHxvIAF,,ACC_294,
,001AX0000061m0c,001Aa00001GhHxwIAF,,ACC_295,
,001D000000flgs4,001Aa00001GhHxxIAF,Environmental,ACC_299,
,001D000000fT83u,001Aa00001GhHxyIAF,Public Sector - Government,ACC_300,
,001D000000h1lWP,001Aa00001GhHxzIAF,Consulting - IT - Services  - Software,Stratégis Numérique,
,001D000000iRIAA,001Aa00001GhHy0IAF,Public Sector - Government,ACC_302,
,001D000000kyUEO,001Aa00001GhHy1IAF,Food & Beverages,ACC_305,
,001D000000kyVvu,001Aa00001GhHy2IAF,Public Sector - Government,ACC_306,
,001D000000kzuOW,001Aa00001GhHy3IAF,Consulting - IT - Services  - Software,Digivia,
,001D000000kzysm,001Aa00001GhHy4IAF,Services,ACC_308,
,001D000000ljv50,001Aa00001GhHy5IAF,Energy - Mining - Oil & Gas,Franco Solaire,
,001D000000nQDZc,001Aa00001GhHy6IAF,Biotech. -  Healthcare - Pharmaceutical,ACC_312,
,001D000000rhwrA,001Aa00001GhHy7IAF,Communication - Media,ACC_314,
,001D000000tlVD8,001Aa00001GhHy8IAF,Retail - E-commerce - B2C,ACC_316,
,001D000000y7IB9,001Aa00001GhHy9IAF,Food & Beverages,ACC_317,
,001D000000zra8U,001Aa00001GhHyAIAV,Biotech. -  Healthcare - Pharmaceutical,ACC_318,
,001D00000113n72,001Aa00001GhHyBIAV,,ACC_319,
,001D0000011xCbG,001Aa00001GhHyCIAV,Real Estate,ACC_320,
,001D0000011xFlZ,001Aa00001GhHyDIAV,Other,ACC_321,
,001D0000011xHo3,001Aa00001GhHyEIAV,Entertainment - Leisure,ACC_322,
,001D0000011xKeI,001Aa00001GhHyFIAV,Agriculture,ACC_323,
,001D0000011zCYn,001Aa00001GhHyGIAV,Entertainment - Leisure,Parcs des Belles Aventures,
,001D00000153oKp,001Aa00001GhHyHIAV,Consulting - IT - Services  - Software,ACC_325,
,001D00000155f8w,001Aa00001GhHyIIAV,Public Sector - Government,ACC_326,
,001D00000157YN7,001Aa00001GhHyJIAV,,ACC_327,
,001D0000019GE0w,001Aa00001GhHyKIAV,Public Sector - Government,Institut Sup. Langue Française,
,001D0000019GHnr,001Aa00001GhHyLIAV,Food & Beverages,ACC_329,
,001D000001arqRq,001Aa00001GhHyMIAV,Automotive,ACC_332,
,001D000001bGQF7,001Aa00001GhHyNIAV,Biotech. -  Healthcare - Pharmaceutical,ACC_333,
,001D000001BnIGg,001Aa00001GhHyOIAV,Retail - E-commerce - B2C,ACC_335,
,001D000001eSc53,001Aa00001GhHyPIAV,Transportation,ACC_340,
,001D000001fsgar,001Aa00001GhHyQIAV,Retail - E-commerce - B2C,ACC_341,
,001D000001fsh5h,001Aa00001GhHyRIAV,Bank - Finance,ACC_342,
,001D000001fsh8M,001Aa00001GhHySIAV,Manufacturing,ACC_343,
,001D000001fsZ7K,001Aa00001GhHyTIAV,Retail - E-commerce - B2C,ACC_344,
,001D000001gbQjm,001Aa00001GhHyUIAV,Services,ACC_345,
,001D000001gbQlr,001Aa00001GhHyVIAV,Transportation,ACC_348,
,001D000001H8h8H,001Aa00001GhHyWIAV,Public Sector - Government,ACC_350,
,001D000001KsKym,001Aa00001GhHyXIAV,Public Sector - Government,ACC_352,
,001D000001KVlJL,001Aa00001GhHyYIAV,Retail - E-commerce - B2C,ACC_353,
,001D000001LICJn,001Aa00001GhHyZIAV,Retail - E-commerce - B2C,ACC_355,
,001D000001LnRS6,001Aa00001GhHyaIAF,Public Sector - Government,ACC_356,
,001D000001LnRSy,001Aa00001GhHybIAF,Transportation,ACC_357,
,001D000001LnRT3,001Aa00001GhHycIAF,Insurance,ACC_358,
,001D000001LnRU4,001Aa00001GhHydIAF,Consulting - IT - Services  - Software,ACC_359,
,001D000001OxqFh,001Aa00001GhHyeIAF,Food & Beverages,ACC_361,
,001D000001OxqXz,001Aa00001GhHyfIAF,Retail - E-commerce - B2C,ACC_362,
,001D000001Oz706,001Aa00001GhHygIAF,Other,ACC_363,
,001D000001UgNO6,001Aa00001GhHyhIAF,Building - Construction - Engineering,ACC_364,
,001Sb000005S7Rz,001Aa00001GhHyiIAF,Manufacturing,ACC_365,
,001Sb000005t3f8,001Aa00001GhHyjIAF,Energy - Mining - Oil & Gas,ACC_366,
,001Sb0000067QNM,001Aa00001GhHykIAF,Energy - Mining - Oil & Gas,ACC_367,
,001Sb000006OsIP,001Aa00001GhHylIAF,,ACC_370,
,001Sb000007Chzk,001Aa00001GhHymIAF,Retail - E-commerce - B2C,ACC_372,
,001Sb000007DGRF,001Aa00001GhHynIAF,,ACC_373,
,001Sb000007hdQL,001Aa00001GhHyoIAF,,ACC_374,
,001Sb00000813NU,001Aa00001GhHypIAF,,ACC_375,
,001Sb000008bwEw,001Aa00001GhHyqIAF,,ACC_376,
,001Sb000008x8JX,001Aa00001GhHyrIAF,,ACC_377,
,001Sb0000090RPj,001Aa00001GhHysIAF,,ACC_378,
,001Sb0000091Ybx,001Aa00001GhHytIAF,Food & Beverages,ACC_379,
,001Sb00000AAeOG,001Aa00001GhHyuIAF,Retail - E-commerce - B2B,ACC_382,
,001Sb00000AhepH,001Aa00001GhHyvIAF,Manufacturing,ACC_383,
,001Sb00000Ahk3R,001Aa00001GhHywIAF,Fabrication d’équipements médicaux,ACC_384,
,001Sb00000AjGJE,001Aa00001GhHyxIAF,,ACC_385,
,001Sb00000AqHv3,001Aa00001GhHyyIAF,Commerce de détail,ACC_386,
,001Sb00000BnYgX,001Aa00001GhHyzIAF,Agriculture,ACC_388,
,001Sb00000Cf2IL,001Aa00001GhHz0IAF,Building - Construction - Engineering,ACC_389,
,001Sb00000CPyLn,001Aa00001GhHz1IAF,,ACC_390,
,001Sb00000Djjcc,001Aa00001GhHz2IAF,,ACC_391,
,001Sb00000DuVb9,001Aa00001GhHz3IAF,,ACC_392,
,001Sb00000EGLYI,001Aa00001GhHz4IAF,,ACC_393,
,001Sb00000EhZ8x,001Aa00001GhHz5IAF,,ACC_394,
,001Sb00000EhZTt,001Aa00001GhHz6IAF,,ACC_395,
,001Sb00000ERvIJ,001Aa00001GhHz7IAF,Energy - Mining - Oil & Gas,ACC_396,
,001Sb00000EvlDT,001Aa00001GhHz8IAF,Food & Beverages,ACC_397,
,001Sb00000EZwHD,001Aa00001GhHz9IAF,,ACC_398,
,001Sb00000GFwNS,001Aa00001GhHzAIAV,,ACC_402,
,001Sb00000GFwX7,001Aa00001GhHzBIAV,,ACC_403,
,001Sb00000GjA5I,001Aa00001GhHzCIAV,Services,ACC_404,
,001Sb00000H8jSr,001Aa00001GhHzDIAV,Food & Beverages,ACC_407,
,001Sb00000H8T1R,001Aa00001GhHzEIAV,Public Sector - Government,ACC_408,
,001Sb00000HEen0,001Aa00001GhHzFIAV,,ACC_410,
,001Sb00000HEmFv,001Aa00001GhHzGIAV,Retail - E-commerce - B2C,ACC_411,
,001Sb00000I6YmF,001Aa00001GhHzHIAV,Agriculture,ACC_412,
,001Sb00000IeNtK,001Aa00001GhHzIIAV,,ACC_413,
,001Sb00000Ilhn7,001Aa00001GhHzJIAV,,ACC_414,
,001Sb00000IQQ1d,001Aa00001GhHzKIAV,,ACC_415,
,001Sb00000IRhPu,001Aa00001GhHzLIAV,,ACC_416,
,001Sb00000IRhXy,001Aa00001GhHzMIAV,,ACC_417,
,001Sb00000IRmEI,001Aa00001GhHzNIAV,,ACC_418,
,001Sb00000IRorB,001Aa00001GhHzOIAV,Automotive,ACC_419,
,001Sb00000Irv15,001Aa00001GhHzPIAV,Retail - E-commerce - B2C,ACC_420,
,001Sb00000ITqH3,001Aa00001GhHzQIAV,,ACC_421,
,001Sb00000ITtIC,001Aa00001GhHzRIAV,,ACC_422,
,001Sb00000ITxfU,001Aa00001GhHzSIAV,,ACC_423,
,001Sb00000IU2F0,001Aa00001GhHzTIAV,,ACC_424,
,001Sb00000IUGQB,001Aa00001GhHzUIAV,Centrales d'achat non alimentaires,ACC_425,
,001Sb00000IUJ66,001Aa00001GhHzVIAV,Commerce de détail,ACC_426,
,001Sb00000IUL7w,001Aa00001GhHzWIAV,,ACC_427,
,001Sb00000IULcY,001Aa00001GhHzXIAV,Entretien et réparation de véhicules automobiles légers,ACC_428,
,001Sb00000IUNeM,001Aa00001GhHzYIAV,,ACC_429,
,001Sb00000IUOKH,001Aa00001GhHzZIAV,Energy - Mining - Oil & Gas,ACC_430,
,001Sb00000IUP8H,001Aa00001GhHzaIAF,,ACC_431,
,001Sb00000IUqjb,001Aa00001GhHzbIAF,Energy - Mining - Oil & Gas,ACC_432,
,001Sb00000IUsGm,001Aa00001GhHzcIAF,,ACC_433,
,001Sb00000IUSVy,001Aa00001GhHzdIAF,,ACC_434,
,001Sb00000IUVAU,001Aa00001GhHzeIAF,,ACC_435,
,001Sb00000IUVDj,001Aa00001GhHzfIAF,,ACC_436,
,001Sb00000IUzbc,001Aa00001GhHzgIAF,Environmental,ACC_437,
,001Sb00000IUzV8,001Aa00001GhHzhIAF,,ACC_438,
,001Sb00000IVDt6,001Aa00001GhHziIAF,,ACC_439,
,001Sb00000IW7FM,001Aa00001GhHzjIAF,,ACC_440,
,001Sb00000IZhKf,001Aa00001GhHzkIAF,,ACC_441,
,001Sb00000J0wfO,001Aa00001GhHzlIAF,Consulting - IT - Services  - Software,ACC_442,
,001Sb00000J53C7,001Aa00001GhHzmIAF,,ACC_443,
,001Sb00000JKmnB,001Aa00001GhHznIAF,Retail - E-commerce - B2C,ACC_444,
,001Sb00000Jmfvc,001Aa00001GhHzoIAF,,ACC_445,
,001Sb00000JSWN1,001Aa00001GhHzpIAF,,ACC_446,
,001Sb00000Jtepw,001Aa00001GhHzqIAF,Communication - Media,ACC_447,
,001Sb00000K71VK,001Aa00001GhHzrIAF,Retail - E-commerce - B2B,ACC_448,
,001Sb00000KcI3f,001Aa00001GhHzsIAF,,ACC_449,
,001Sb00000LGGsx,001Aa00001GhHztIAF,Commerce de détail,ACC_450,
,001Sb00000M7pij,001Aa00001GhHzuIAF,,ACC_452,
,001Sb00000M9jxP,001Aa00001GhHzvIAF,,ACC_453,
,001Sb00000MgT7P,001Aa00001GhHzwIAF,Public Sector - Government,ACC_454,
,001Sb00000NbirI,001Aa00001GhHzxIAF,Real Estate,ACC_455,
,001Sb00000NbUtM,001Aa00001GhHzyIAF,,ACC_456,
,001Sb00000NkBGA,001Aa00001GhHzzIAF,,ACC_457,
,001Sb00000NssuE,001Aa00001GhI00IAF,,ACC_458,
,001Sb00000O3C5G,001Aa00001GhI01IAF,Education,ACC_459,
,001Sb00000OpR20,001Aa00001GhI02IAF,,ACC_460,
,001Sb00000PDLUr,001Aa00001GhI03IAF,,ACC_463,
,001Sb00000PrUhZ,001Aa00001GhI04IAF,Consulting - IT - Services  - Software,ACC_464,
,001Sb00000R0O4U,001Aa00001GhI05IAF,,ACC_466,
,001Sb00000RGFDG,001Aa00001GhI06IAF,Real Estate,ACC_467,
,001Sb00000SflPR,001Aa00001GhI07IAF,Environmental,ACC_471,
,001Sb00000SfQoW,001Aa00001GhI08IAF,Consulting - IT - Services  - Software,ACC_472,
,001Sb00000SGg87,001Aa00001GhI09IAF,Food & Beverages,ACC_473,
,0012p00002SceTX,001Aa00001GhI0AIAV,Biotech. -  Healthcare - Pharmaceutical,Thérapeutix Naturalia,
,0012p00002SdRwG,001Aa00001GhI0BIAV,Consulting - IT - Services  - Software,ACC_45,
,0012p00002xNEpv,001Aa00001GhI0CIAV,Hospitals,ACC_46,
,0012p000039WfRX,001Aa00001GhI0DIAV,,ACC_50,
,0012p00003p5AVL,001Aa00001GhI0EIAV,Food & Beverages,ACC_80,
,0012p00003XDrer,001Aa00001GhI0FIAV,Manufacturing,ACC_85,
,0012p00003XDsZC,001Aa00001GhI0GIAV,,ACC_86,
,0012p00003xSkse,001Aa00001GhI0HIAV,Manufacturing,ACC_91,
,0012p00003xSm38,001Aa00001GhI0IIAV,Retail - E-commerce - B2C,ACC_92,
,0015700001r1t4M,001Aa00001GhI0JIAV,Manufacturing,ACC_113,
,votrecaviste,001Aa00001GhI0KIAV,Retail - E-commerce - B2C,Votre Caviste,Groupe
